question_type,question,answer
information,What is Activated Charcoal ?,
how effective is it,How effective is Activated Charcoal ?,
how does it work,What is the action of Activated Charcoal and how does it work ?,
precautions,Are there safety concerns or special precautions about Activated Charcoal ?,
interactions with medications,Are there interactions between Activated Charcoal and other medications ?,
interactions with herbs and supplements,Are there interactions between Activated Charcoal and herbs and supplements ?,
interactions with foods,Are there interactions between Activated Charcoal and foods ?,
dose,What is the dosage of Activated Charcoal ?,
information,What is Alfalfa ?,
how effective is it,How effective is Alfalfa ?,
how does it work,What is the action of Alfalfa and how does it work ?,
precautions,Are there safety concerns or special precautions about Alfalfa ?,
interactions with medications,Are there interactions between Alfalfa and other medications ?,
interactions with herbs and supplements,Are there interactions between Alfalfa and herbs and supplements ?,
interactions with foods,Are there interactions between Alfalfa and foods ?,
dose,What is the dosage of Alfalfa ?,
information,What is American ginseng ?,
how effective is it,How effective is American ginseng ?,
how does it work,What is the action of American ginseng and how does it work ?,
precautions,Are there safety concerns or special precautions about American ginseng ?,
interactions with medications,Are there interactions between American ginseng and other medications ?,
interactions with herbs and supplements,Are there interactions between American ginseng and herbs and supplements ?,
interactions with foods,Are there interactions between American ginseng and foods ?,
dose,What is the dosage of American ginseng ?,
information,What is Arnica ?,
how effective is it,How effective is Arnica ?,
how does it work,What is the action of Arnica and how does it work ?,
precautions,Are there safety concerns or special precautions about Arnica ?,
interactions with medications,Are there interactions between Arnica and other medications ?,
interactions with herbs and supplements,Are there interactions between Arnica and herbs and supplements ?,
interactions with foods,Are there interactions between Arnica and foods ?,
dose,What is the dosage of Arnica ?,
information,What is Ashwagandha ?,
how effective is it,How effective is Ashwagandha ?,
how does it work,What is the action of Ashwagandha and how does it work ?,
precautions,Are there safety concerns or special precautions about Ashwagandha ?,
interactions with medications,Are there interactions between Ashwagandha and other medications ?,
interactions with herbs and supplements,Are there interactions between Ashwagandha and herbs and supplements ?,
interactions with foods,Are there interactions between Ashwagandha and foods ?,
dose,What is the dosage of Ashwagandha ?,
information,What is Bacillus coagulans ?,
how effective is it,How effective is Bacillus coagulans ?,
how does it work,What is the action of Bacillus coagulans and how does it work ?,
precautions,Are there safety concerns or special precautions about Bacillus coagulans ?,
interactions with medications,Are there interactions between Bacillus coagulans and other medications ?,
interactions with herbs and supplements,Are there interactions between Bacillus coagulans and herbs and supplements ?,
interactions with foods,Are there interactions between Bacillus coagulans and foods ?,
dose,What is the dosage of Bacillus coagulans ?,
information,What is Bee Pollen ?,
how effective is it,How effective is Bee Pollen ?,
how does it work,What is the action of Bee Pollen and how does it work ?,
precautions,Are there safety concerns or special precautions about Bee Pollen ?,
interactions with medications,Are there interactions between Bee Pollen and other medications ?,
interactions with herbs and supplements,Are there interactions between Bee Pollen and herbs and supplements ?,
interactions with foods,Are there interactions between Bee Pollen and foods ?,
dose,What is the dosage of Bee Pollen ?,
information,What is Belladonna ?,
how effective is it,How effective is Belladonna ?,
how does it work,What is the action of Belladonna and how does it work ?,
precautions,Are there safety concerns or special precautions about Belladonna ?,
interactions with medications,Are there interactions between Belladonna and other medications ?,
interactions with herbs and supplements,Are there interactions between Belladonna and herbs and supplements ?,
interactions with foods,Are there interactions between Belladonna and foods ?,
dose,What is the dosage of Belladonna ?,
information,What is Berberine ?,
how effective is it,How effective is Berberine ?,
how does it work,What is the action of Berberine and how does it work ?,
precautions,Are there safety concerns or special precautions about Berberine ?,
interactions with medications,Are there interactions between Berberine and other medications ?,
interactions with herbs and supplements,Are there interactions between Berberine and herbs and supplements ?,
interactions with foods,Are there interactions between Berberine and foods ?,
dose,What is the dosage of Berberine ?,
information,What is Beta-carotene ?,
how effective is it,How effective is Beta-carotene ?,
how does it work,What is the action of Beta-carotene and how does it work ?,
precautions,Are there safety concerns or special precautions about Beta-carotene ?,
interactions with medications,Are there interactions between Beta-carotene and other medications ?,
interactions with herbs and supplements,Are there interactions between Beta-carotene and herbs and supplements ?,
interactions with foods,Are there interactions between Beta-carotene and foods ?,
dose,What is the dosage of Beta-carotene ?,
information,What is Bifidobacteria ?,
how effective is it,How effective is Bifidobacteria ?,
how does it work,What is the action of Bifidobacteria and how does it work ?,
precautions,Are there safety concerns or special precautions about Bifidobacteria ?,
interactions with medications,Are there interactions between Bifidobacteria and other medications ?,
interactions with herbs and supplements,Are there interactions between Bifidobacteria and herbs and supplements ?,
interactions with foods,Are there interactions between Bifidobacteria and foods ?,
dose,What is the dosage of Bifidobacteria ?,
information,What is Biotin ?,
how effective is it,How effective is Biotin ?,
how does it work,What is the action of Biotin and how does it work ?,
precautions,Are there safety concerns or special precautions about Biotin ?,
interactions with medications,Are there interactions between Biotin and other medications ?,
interactions with herbs and supplements,Are there interactions between Biotin and herbs and supplements ?,
interactions with foods,Are there interactions between Biotin and foods ?,
dose,What is the dosage of Biotin ?,
information,What is Bitter Melon ?,
how effective is it,How effective is Bitter Melon ?,
how does it work,What is the action of Bitter Melon and how does it work ?,
precautions,Are there safety concerns or special precautions about Bitter Melon ?,
interactions with medications,Are there interactions between Bitter Melon and other medications ?,
interactions with herbs and supplements,Are there interactions between Bitter Melon and herbs and supplements ?,
interactions with foods,Are there interactions between Bitter Melon and foods ?,
dose,What is the dosage of Bitter Melon ?,
information,What is Black psyllium ?,
how effective is it,How effective is Black psyllium ?,
how does it work,What is the action of Black psyllium and how does it work ?,
precautions,Are there safety concerns or special precautions about Black psyllium ?,
interactions with medications,Are there interactions between Black psyllium and other medications ?,
interactions with herbs and supplements,Are there interactions between Black psyllium and herbs and supplements ?,
interactions with foods,Are there interactions between Black psyllium and foods ?,
dose,What is the dosage of Black psyllium ?,
information,What is Black tea ?,
how effective is it,How effective is Black tea ?,
how does it work,What is the action of Black tea and how does it work ?,
precautions,Are there safety concerns or special precautions about Black tea ?,
interactions with medications,Are there interactions between Black tea and other medications ?,
interactions with herbs and supplements,Are there interactions between Black tea and herbs and supplements ?,
interactions with foods,Are there interactions between Black tea and foods ?,
dose,What is the dosage of Black tea ?,
information,What is Bladderwrack ?,
how effective is it,How effective is Bladderwrack ?,
how does it work,What is the action of Bladderwrack and how does it work ?,
precautions,Are there safety concerns or special precautions about Bladderwrack ?,
interactions with medications,Are there interactions between Bladderwrack and other medications ?,
interactions with herbs and supplements,Are there interactions between Bladderwrack and herbs and supplements ?,
interactions with foods,Are there interactions between Bladderwrack and foods ?,
dose,What is the dosage of Bladderwrack ?,
information,What is Blessed thistle ?,
how effective is it,How effective is Blessed thistle ?,
how does it work,What is the action of Blessed thistle and how does it work ?,
precautions,Are there safety concerns or special precautions about Blessed thistle ?,
interactions with medications,Are there interactions between Blessed thistle and other medications ?,
interactions with herbs and supplements,Are there interactions between Blessed thistle and herbs and supplements ?,
interactions with foods,Are there interactions between Blessed thistle and foods ?,
dose,What is the dosage of Blessed thistle ?,
information,What is Blond psyllium ?,
how effective is it,How effective is Blond psyllium ?,
how does it work,What is the action of Blond psyllium and how does it work ?,
precautions,Are there safety concerns or special precautions about Blond psyllium ?,
interactions with medications,Are there interactions between Blond psyllium and other medications ?,
interactions with herbs and supplements,Are there interactions between Blond psyllium and herbs and supplements ?,
interactions with foods,Are there interactions between Blond psyllium and foods ?,
dose,What is the dosage of Blond psyllium ?,
information,What is Blueberry ?,
how effective is it,How effective is Blueberry ?,
how does it work,What is the action of Blueberry and how does it work ?,
precautions,Are there safety concerns or special precautions about Blueberry ?,
interactions with medications,Are there interactions between Blueberry and other medications ?,
interactions with herbs and supplements,Are there interactions between Blueberry and herbs and supplements ?,
interactions with foods,Are there interactions between Blueberry and foods ?,
dose,What is the dosage of Blueberry ?,
information,What is Blue-green algae ?,
how effective is it,How effective is Blue-green algae ?,
how does it work,What is the action of Blue-green algae and how does it work ?,
precautions,Are there safety concerns or special precautions about Blue-green algae ?,
interactions with medications,Are there interactions between Blue-green algae and other medications ?,
interactions with herbs and supplements,Are there interactions between Blue-green algae and herbs and supplements ?,
interactions with foods,Are there interactions between Blue-green algae and foods ?,
dose,What is the dosage of Blue-green algae ?,
information,What is Boron ?,
how effective is it,How effective is Boron ?,
how does it work,What is the action of Boron and how does it work ?,
precautions,Are there safety concerns or special precautions about Boron ?,
interactions with medications,Are there interactions between Boron and other medications ?,
interactions with herbs and supplements,Are there interactions between Boron and herbs and supplements ?,
interactions with foods,Are there interactions between Boron and foods ?,
dose,What is the dosage of Boron ?,
information,What is Calendula ?,
how effective is it,How effective is Calendula ?,
how does it work,What is the action of Calendula and how does it work ?,
precautions,Are there safety concerns or special precautions about Calendula ?,
interactions with medications,Are there interactions between Calendula and other medications ?,
interactions with herbs and supplements,Are there interactions between Calendula and herbs and supplements ?,
interactions with foods,Are there interactions between Calendula and foods ?,
dose,What is the dosage of Calendula ?,
information,What is Cannabidiol ?,
how effective is it,How effective is Cannabidiol ?,
how does it work,What is the action of Cannabidiol and how does it work ?,
precautions,Are there safety concerns or special precautions about Cannabidiol ?,
interactions with medications,Are there interactions between Cannabidiol and other medications ?,
interactions with herbs and supplements,Are there interactions between Cannabidiol and herbs and supplements ?,
interactions with foods,Are there interactions between Cannabidiol and foods ?,
dose,What is the dosage of Cannabidiol ?,
information,What is Capsicum ?,
how effective is it,How effective is Capsicum ?,
how does it work,What is the action of Capsicum and how does it work ?,
precautions,Are there safety concerns or special precautions about Capsicum ?,
interactions with medications,Are there interactions between Capsicum and other medications ?,
interactions with herbs and supplements,Are there interactions between Capsicum and herbs and supplements ?,
interactions with foods,Are there interactions between Capsicum and foods ?,
dose,What is the dosage of Capsicum ?,
information,What is Cascara ?,
how effective is it,How effective is Cascara ?,
how does it work,What is the action of Cascara and how does it work ?,
precautions,Are there safety concerns or special precautions about Cascara ?,
interactions with medications,Are there interactions between Cascara and other medications ?,
interactions with herbs and supplements,Are there interactions between Cascara and herbs and supplements ?,
interactions with foods,Are there interactions between Cascara and foods ?,
dose,What is the dosage of Cascara ?,
information,What is Chondroitin sulfate ?,
how effective is it,How effective is Chondroitin sulfate ?,
how does it work,What is the action of Chondroitin sulfate and how does it work ?,
precautions,Are there safety concerns or special precautions about Chondroitin sulfate ?,
interactions with medications,Are there interactions between Chondroitin sulfate and other medications ?,
interactions with herbs and supplements,Are there interactions between Chondroitin sulfate and herbs and supplements ?,
interactions with foods,Are there interactions between Chondroitin sulfate and foods ?,
dose,What is the dosage of Chondroitin sulfate ?,
information,What is Clove ?,
how effective is it,How effective is Clove ?,
how does it work,What is the action of Clove and how does it work ?,
precautions,Are there safety concerns or special precautions about Clove ?,
interactions with medications,Are there interactions between Clove and other medications ?,
interactions with herbs and supplements,Are there interactions between Clove and herbs and supplements ?,
interactions with foods,Are there interactions between Clove and foods ?,
dose,What is the dosage of Clove ?,
information,What is Coconut Oil ?,
how effective is it,How effective is Coconut Oil ?,
how does it work,What is the action of Coconut Oil and how does it work ?,
precautions,Are there safety concerns or special precautions about Coconut Oil ?,
interactions with medications,Are there interactions between Coconut Oil and other medications ?,
interactions with herbs and supplements,Are there interactions between Coconut Oil and herbs and supplements ?,
interactions with foods,Are there interactions between Coconut Oil and foods ?,
dose,What is the dosage of Coconut Oil ?,
information,What is Coconut Water ?,
how effective is it,How effective is Coconut Water ?,
how does it work,What is the action of Coconut Water and how does it work ?,
precautions,Are there safety concerns or special precautions about Coconut Water ?,
interactions with medications,Are there interactions between Coconut Water and other medications ?,
interactions with herbs and supplements,Are there interactions between Coconut Water and herbs and supplements ?,
interactions with foods,Are there interactions between Coconut Water and foods ?,
dose,What is the dosage of Coconut Water ?,
information,What is Cod Liver Oil ?,
how effective is it,How effective is Cod Liver Oil ?,
how does it work,What is the action of Cod Liver Oil and how does it work ?,
precautions,Are there safety concerns or special precautions about Cod Liver Oil ?,
interactions with medications,Are there interactions between Cod Liver Oil and other medications ?,
interactions with herbs and supplements,Are there interactions between Cod Liver Oil and herbs and supplements ?,
interactions with foods,Are there interactions between Cod Liver Oil and foods ?,
dose,What is the dosage of Cod Liver Oil ?,
information,What is Creatine ?,
how effective is it,How effective is Creatine ?,
how does it work,What is the action of Creatine and how does it work ?,
precautions,Are there safety concerns or special precautions about Creatine ?,
interactions with medications,Are there interactions between Creatine and other medications ?,
interactions with herbs and supplements,Are there interactions between Creatine and herbs and supplements ?,
interactions with foods,Are there interactions between Creatine and foods ?,
dose,What is the dosage of Creatine ?,
information,What is Deer Velvet ?,
how effective is it,How effective is Deer Velvet ?,
how does it work,What is the action of Deer Velvet and how does it work ?,
precautions,Are there safety concerns or special precautions about Deer Velvet ?,
interactions with medications,Are there interactions between Deer Velvet and other medications ?,
interactions with herbs and supplements,Are there interactions between Deer Velvet and herbs and supplements ?,
interactions with foods,Are there interactions between Deer Velvet and foods ?,
dose,What is the dosage of Deer Velvet ?,
information,What is Devil's claw ?,
how effective is it,How effective is Devil's claw ?,
how does it work,What is the action of Devil's claw and how does it work ?,
precautions,Are there safety concerns or special precautions about Devil's claw ?,
interactions with medications,Are there interactions between Devil's claw and other medications ?,
interactions with herbs and supplements,Are there interactions between Devil's claw and herbs and supplements ?,
interactions with foods,Are there interactions between Devil's claw and foods ?,
dose,What is the dosage of Devil's claw ?,
information,What is DHEA ?,
how effective is it,How effective is DHEA ?,
how does it work,What is the action of DHEA and how does it work ?,
precautions,Are there safety concerns or special precautions about DHEA ?,
interactions with medications,Are there interactions between DHEA and other medications ?,
interactions with herbs and supplements,Are there interactions between DHEA and herbs and supplements ?,
interactions with foods,Are there interactions between DHEA and foods ?,
dose,What is the dosage of DHEA ?,
information,What is Dong quai ?,
how effective is it,How effective is Dong quai ?,
how does it work,What is the action of Dong quai and how does it work ?,
precautions,Are there safety concerns or special precautions about Dong quai ?,
interactions with medications,Are there interactions between Dong quai and other medications ?,
interactions with herbs and supplements,Are there interactions between Dong quai and herbs and supplements ?,
interactions with foods,Are there interactions between Dong quai and foods ?,
dose,What is the dosage of Dong quai ?,
information,What is Eucalyptus ?,
how effective is it,How effective is Eucalyptus ?,
how does it work,What is the action of Eucalyptus and how does it work ?,
precautions,Are there safety concerns or special precautions about Eucalyptus ?,
interactions with medications,Are there interactions between Eucalyptus and other medications ?,
interactions with herbs and supplements,Are there interactions between Eucalyptus and herbs and supplements ?,
interactions with foods,Are there interactions between Eucalyptus and foods ?,
dose,What is the dosage of Eucalyptus ?,
information,What is Folic acid ?,
how effective is it,How effective is Folic acid ?,
how does it work,What is the action of Folic acid and how does it work ?,
precautions,Are there safety concerns or special precautions about Folic acid ?,
interactions with medications,Are there interactions between Folic acid and other medications ?,
interactions with herbs and supplements,Are there interactions between Folic acid and herbs and supplements ?,
interactions with foods,Are there interactions between Folic acid and foods ?,
dose,What is the dosage of Folic acid ?,
information,What is Gelatin ?,
how effective is it,How effective is Gelatin ?,
how does it work,What is the action of Gelatin and how does it work ?,
precautions,Are there safety concerns or special precautions about Gelatin ?,
interactions with medications,Are there interactions between Gelatin and other medications ?,
interactions with herbs and supplements,Are there interactions between Gelatin and herbs and supplements ?,
interactions with foods,Are there interactions between Gelatin and foods ?,
dose,What is the dosage of Gelatin ?,
information,"What is Ginseng, Siberian ?",
how effective is it,"How effective is Ginseng, Siberian ?",
how does it work,"What is the action of Ginseng, Siberian and how does it work ?",
precautions,"Are there safety concerns or special precautions about Ginseng, Siberian ?",
interactions with medications,"Are there interactions between Ginseng, Siberian and other medications ?",
interactions with herbs and supplements,"Are there interactions between Ginseng, Siberian and herbs and supplements ?",
interactions with foods,"Are there interactions between Ginseng, Siberian and foods ?",
dose,"What is the dosage of Ginseng, Siberian ?",
information,What is Glucosamine hydrochloride ?,
how effective is it,How effective is Glucosamine hydrochloride ?,
how does it work,What is the action of Glucosamine hydrochloride and how does it work ?,
precautions,Are there safety concerns or special precautions about Glucosamine hydrochloride ?,
interactions with medications,Are there interactions between Glucosamine hydrochloride and other medications ?,
interactions with herbs and supplements,Are there interactions between Glucosamine hydrochloride and herbs and supplements ?,
interactions with foods,Are there interactions between Glucosamine hydrochloride and foods ?,
dose,What is the dosage of Glucosamine hydrochloride ?,
information,What is Glucosamine sulfate ?,
how effective is it,How effective is Glucosamine sulfate ?,
how does it work,What is the action of Glucosamine sulfate and how does it work ?,
precautions,Are there safety concerns or special precautions about Glucosamine sulfate ?,
interactions with medications,Are there interactions between Glucosamine sulfate and other medications ?,
interactions with herbs and supplements,Are there interactions between Glucosamine sulfate and herbs and supplements ?,
interactions with foods,Are there interactions between Glucosamine sulfate and foods ?,
dose,What is the dosage of Glucosamine sulfate ?,
information,What is Goji ?,
how effective is it,How effective is Goji ?,
how does it work,What is the action of Goji and how does it work ?,
precautions,Are there safety concerns or special precautions about Goji ?,
interactions with medications,Are there interactions between Goji and other medications ?,
interactions with herbs and supplements,Are there interactions between Goji and herbs and supplements ?,
interactions with foods,Are there interactions between Goji and foods ?,
dose,What is the dosage of Goji ?,
information,What is Grape ?,
how effective is it,How effective is Grape ?,
how does it work,What is the action of Grape and how does it work ?,
precautions,Are there safety concerns or special precautions about Grape ?,
interactions with medications,Are there interactions between Grape and other medications ?,
interactions with herbs and supplements,Are there interactions between Grape and herbs and supplements ?,
interactions with foods,Are there interactions between Grape and foods ?,
dose,What is the dosage of Grape ?,
information,What is Grapefruit ?,
how effective is it,How effective is Grapefruit ?,
how does it work,What is the action of Grapefruit and how does it work ?,
precautions,Are there safety concerns or special precautions about Grapefruit ?,
interactions with medications,Are there interactions between Grapefruit and other medications ?,
interactions with herbs and supplements,Are there interactions between Grapefruit and herbs and supplements ?,
interactions with foods,Are there interactions between Grapefruit and foods ?,
dose,What is the dosage of Grapefruit ?,
information,What is Green Coffee ?,
how effective is it,How effective is Green Coffee ?,
how does it work,What is the action of Green Coffee and how does it work ?,
precautions,Are there safety concerns or special precautions about Green Coffee ?,
interactions with medications,Are there interactions between Green Coffee and other medications ?,
interactions with herbs and supplements,Are there interactions between Green Coffee and herbs and supplements ?,
interactions with foods,Are there interactions between Green Coffee and foods ?,
dose,What is the dosage of Green Coffee ?,
information,What is Guarana ?,
how effective is it,How effective is Guarana ?,
how does it work,What is the action of Guarana and how does it work ?,
precautions,Are there safety concerns or special precautions about Guarana ?,
interactions with medications,Are there interactions between Guarana and other medications ?,
interactions with herbs and supplements,Are there interactions between Guarana and herbs and supplements ?,
interactions with foods,Are there interactions between Guarana and foods ?,
dose,What is the dosage of Guarana ?,
information,What is Gymnema ?,
how effective is it,How effective is Gymnema ?,
how does it work,What is the action of Gymnema and how does it work ?,
precautions,Are there safety concerns or special precautions about Gymnema ?,
interactions with medications,Are there interactions between Gymnema and other medications ?,
interactions with herbs and supplements,Are there interactions between Gymnema and herbs and supplements ?,
interactions with foods,Are there interactions between Gymnema and foods ?,
dose,What is the dosage of Gymnema ?,
information,What is Hibiscus ?,
how effective is it,How effective is Hibiscus ?,
how does it work,What is the action of Hibiscus and how does it work ?,
precautions,Are there safety concerns or special precautions about Hibiscus ?,
interactions with medications,Are there interactions between Hibiscus and other medications ?,
interactions with herbs and supplements,Are there interactions between Hibiscus and herbs and supplements ?,
interactions with foods,Are there interactions between Hibiscus and foods ?,
dose,What is the dosage of Hibiscus ?,
information,What is Honey ?,
how effective is it,How effective is Honey ?,
how does it work,What is the action of Honey and how does it work ?,
precautions,Are there safety concerns or special precautions about Honey ?,
interactions with medications,Are there interactions between Honey and other medications ?,
interactions with herbs and supplements,Are there interactions between Honey and herbs and supplements ?,
interactions with foods,Are there interactions between Honey and foods ?,
dose,What is the dosage of Honey ?,
information,What is Hops ?,
how effective is it,How effective is Hops ?,
how does it work,What is the action of Hops and how does it work ?,
precautions,Are there safety concerns or special precautions about Hops ?,
interactions with medications,Are there interactions between Hops and other medications ?,
interactions with herbs and supplements,Are there interactions between Hops and herbs and supplements ?,
interactions with foods,Are there interactions between Hops and foods ?,
dose,What is the dosage of Hops ?,
information,What is Horny Goat Weed ?,
how effective is it,How effective is Horny Goat Weed ?,
how does it work,What is the action of Horny Goat Weed and how does it work ?,
precautions,Are there safety concerns or special precautions about Horny Goat Weed ?,
interactions with medications,Are there interactions between Horny Goat Weed and other medications ?,
interactions with herbs and supplements,Are there interactions between Horny Goat Weed and herbs and supplements ?,
interactions with foods,Are there interactions between Horny Goat Weed and foods ?,
dose,What is the dosage of Horny Goat Weed ?,
information,What is Horsetail ?,
how effective is it,How effective is Horsetail ?,
how does it work,What is the action of Horsetail and how does it work ?,
precautions,Are there safety concerns or special precautions about Horsetail ?,
interactions with medications,Are there interactions between Horsetail and other medications ?,
interactions with herbs and supplements,Are there interactions between Horsetail and herbs and supplements ?,
interactions with foods,Are there interactions between Horsetail and foods ?,
dose,What is the dosage of Horsetail ?,
information,What is Iodine ?,
how effective is it,How effective is Iodine ?,
how does it work,What is the action of Iodine and how does it work ?,
precautions,Are there safety concerns or special precautions about Iodine ?,
interactions with medications,Are there interactions between Iodine and other medications ?,
interactions with herbs and supplements,Are there interactions between Iodine and herbs and supplements ?,
interactions with foods,Are there interactions between Iodine and foods ?,
dose,What is the dosage of Iodine ?,
information,What is Lactobacillus ?,
how effective is it,How effective is Lactobacillus ?,
how does it work,What is the action of Lactobacillus and how does it work ?,
precautions,Are there safety concerns or special precautions about Lactobacillus ?,
interactions with medications,Are there interactions between Lactobacillus and other medications ?,
interactions with herbs and supplements,Are there interactions between Lactobacillus and herbs and supplements ?,
interactions with foods,Are there interactions between Lactobacillus and foods ?,
dose,What is the dosage of Lactobacillus ?,
information,What is L-arginine ?,
how effective is it,How effective is L-arginine ?,
how does it work,What is the action of L-arginine and how does it work ?,
precautions,Are there safety concerns or special precautions about L-arginine ?,
interactions with medications,Are there interactions between L-arginine and other medications ?,
interactions with herbs and supplements,Are there interactions between L-arginine and herbs and supplements ?,
interactions with foods,Are there interactions between L-arginine and foods ?,
dose,What is the dosage of L-arginine ?,
information,What is Lipase ?,
how effective is it,How effective is Lipase ?,
how does it work,What is the action of Lipase and how does it work ?,
precautions,Are there safety concerns or special precautions about Lipase ?,
interactions with medications,Are there interactions between Lipase and other medications ?,
interactions with herbs and supplements,Are there interactions between Lipase and herbs and supplements ?,
interactions with foods,Are there interactions between Lipase and foods ?,
dose,What is the dosage of Lipase ?,
information,What is L-tryptophan ?,
how effective is it,How effective is L-tryptophan ?,
how does it work,What is the action of L-tryptophan and how does it work ?,
precautions,Are there safety concerns or special precautions about L-tryptophan ?,
interactions with medications,Are there interactions between L-tryptophan and other medications ?,
interactions with herbs and supplements,Are there interactions between L-tryptophan and herbs and supplements ?,
interactions with foods,Are there interactions between L-tryptophan and foods ?,
dose,What is the dosage of L-tryptophan ?,
information,What is Lutein ?,
how effective is it,How effective is Lutein ?,
how does it work,What is the action of Lutein and how does it work ?,
precautions,Are there safety concerns or special precautions about Lutein ?,
interactions with medications,Are there interactions between Lutein and other medications ?,
interactions with herbs and supplements,Are there interactions between Lutein and herbs and supplements ?,
interactions with foods,Are there interactions between Lutein and foods ?,
dose,What is the dosage of Lutein ?,
information,What is Lycopene ?,
how effective is it,How effective is Lycopene ?,
how does it work,What is the action of Lycopene and how does it work ?,
precautions,Are there safety concerns or special precautions about Lycopene ?,
interactions with medications,Are there interactions between Lycopene and other medications ?,
interactions with herbs and supplements,Are there interactions between Lycopene and herbs and supplements ?,
interactions with foods,Are there interactions between Lycopene and foods ?,
dose,What is the dosage of Lycopene ?,
information,What is Maca ?,
how effective is it,How effective is Maca ?,
how does it work,What is the action of Maca and how does it work ?,
precautions,Are there safety concerns or special precautions about Maca ?,
interactions with medications,Are there interactions between Maca and other medications ?,
interactions with herbs and supplements,Are there interactions between Maca and herbs and supplements ?,
interactions with foods,Are there interactions between Maca and foods ?,
dose,What is the dosage of Maca ?,
information,What is Manganese ?,
how effective is it,How effective is Manganese ?,
how does it work,What is the action of Manganese and how does it work ?,
precautions,Are there safety concerns or special precautions about Manganese ?,
interactions with medications,Are there interactions between Manganese and other medications ?,
interactions with herbs and supplements,Are there interactions between Manganese and herbs and supplements ?,
interactions with foods,Are there interactions between Manganese and foods ?,
dose,What is the dosage of Manganese ?,
information,What is Mangosteen ?,
how effective is it,How effective is Mangosteen ?,
how does it work,What is the action of Mangosteen and how does it work ?,
precautions,Are there safety concerns or special precautions about Mangosteen ?,
interactions with medications,Are there interactions between Mangosteen and other medications ?,
interactions with herbs and supplements,Are there interactions between Mangosteen and herbs and supplements ?,
interactions with foods,Are there interactions between Mangosteen and foods ?,
dose,What is the dosage of Mangosteen ?,
information,What is MSM (Methylsulfonylmethane) ?,
how effective is it,How effective is MSM (Methylsulfonylmethane) ?,
how does it work,What is the action of MSM (Methylsulfonylmethane) and how does it work ?,
precautions,Are there safety concerns or special precautions about MSM (Methylsulfonylmethane) ?,
interactions with medications,Are there interactions between MSM (Methylsulfonylmethane) and other medications ?,
interactions with herbs and supplements,Are there interactions between MSM (Methylsulfonylmethane) and herbs and supplements ?,
interactions with foods,Are there interactions between MSM (Methylsulfonylmethane) and foods ?,
dose,What is the dosage of MSM (Methylsulfonylmethane) ?,
information,What is Niacin and niacinamide (Vitamin B3) ?,
how effective is it,How effective is Niacin and niacinamide (Vitamin B3) ?,
how does it work,What is the action of Niacin and niacinamide (Vitamin B3) and how does it work ?,
precautions,Are there safety concerns or special precautions about Niacin and niacinamide (Vitamin B3) ?,
interactions with medications,Are there interactions between Niacin and niacinamide (Vitamin B3) and other medications ?,
interactions with herbs and supplements,Are there interactions between Niacin and niacinamide (Vitamin B3) and herbs and supplements ?,
interactions with foods,Are there interactions between Niacin and niacinamide (Vitamin B3) and foods ?,
dose,What is the dosage of Niacin and niacinamide (Vitamin B3) ?,
information,What is Oats ?,
how effective is it,How effective is Oats ?,
how does it work,What is the action of Oats and how does it work ?,
precautions,Are there safety concerns or special precautions about Oats ?,
interactions with medications,Are there interactions between Oats and other medications ?,
interactions with herbs and supplements,Are there interactions between Oats and herbs and supplements ?,
interactions with foods,Are there interactions between Oats and foods ?,
dose,What is the dosage of Oats ?,
information,What is Olive ?,
how effective is it,How effective is Olive ?,
how does it work,What is the action of Olive and how does it work ?,
precautions,Are there safety concerns or special precautions about Olive ?,
interactions with medications,Are there interactions between Olive and other medications ?,
interactions with herbs and supplements,Are there interactions between Olive and herbs and supplements ?,
interactions with foods,Are there interactions between Olive and foods ?,
dose,What is the dosage of Olive ?,
information,What is Omega-6 Fatty Acids ?,
how effective is it,How effective is Omega-6 Fatty Acids ?,
how does it work,What is the action of Omega-6 Fatty Acids and how does it work ?,
precautions,Are there safety concerns or special precautions about Omega-6 Fatty Acids ?,
interactions with medications,Are there interactions between Omega-6 Fatty Acids and other medications ?,
interactions with herbs and supplements,Are there interactions between Omega-6 Fatty Acids and herbs and supplements ?,
interactions with foods,Are there interactions between Omega-6 Fatty Acids and foods ?,
dose,What is the dosage of Omega-6 Fatty Acids ?,
information,What is Oregano ?,
how effective is it,How effective is Oregano ?,
how does it work,What is the action of Oregano and how does it work ?,
precautions,Are there safety concerns or special precautions about Oregano ?,
interactions with medications,Are there interactions between Oregano and other medications ?,
interactions with herbs and supplements,Are there interactions between Oregano and herbs and supplements ?,
interactions with foods,Are there interactions between Oregano and foods ?,
dose,What is the dosage of Oregano ?,
information,What is Oscillococcinum ?,
how effective is it,How effective is Oscillococcinum ?,
how does it work,What is the action of Oscillococcinum and how does it work ?,
precautions,Are there safety concerns or special precautions about Oscillococcinum ?,
interactions with medications,Are there interactions between Oscillococcinum and other medications ?,
interactions with herbs and supplements,Are there interactions between Oscillococcinum and herbs and supplements ?,
interactions with foods,Are there interactions between Oscillococcinum and foods ?,
dose,What is the dosage of Oscillococcinum ?,
information,What is Palm Oil ?,
how effective is it,How effective is Palm Oil ?,
how does it work,What is the action of Palm Oil and how does it work ?,
precautions,Are there safety concerns or special precautions about Palm Oil ?,
interactions with medications,Are there interactions between Palm Oil and other medications ?,
interactions with herbs and supplements,Are there interactions between Palm Oil and herbs and supplements ?,
interactions with foods,Are there interactions between Palm Oil and foods ?,
dose,What is the dosage of Palm Oil ?,
information,What is Pantothenic acid (Vitamin B5) ?,
how effective is it,How effective is Pantothenic acid (Vitamin B5) ?,
how does it work,What is the action of Pantothenic acid (Vitamin B5) and how does it work ?,
precautions,Are there safety concerns or special precautions about Pantothenic acid (Vitamin B5) ?,
interactions with medications,Are there interactions between Pantothenic acid (Vitamin B5) and other medications ?,
interactions with herbs and supplements,Are there interactions between Pantothenic acid (Vitamin B5) and herbs and supplements ?,
interactions with foods,Are there interactions between Pantothenic acid (Vitamin B5) and foods ?,
dose,What is the dosage of Pantothenic acid (Vitamin B5) ?,
information,What is Papaya ?,
how effective is it,How effective is Papaya ?,
how does it work,What is the action of Papaya and how does it work ?,
precautions,Are there safety concerns or special precautions about Papaya ?,
interactions with medications,Are there interactions between Papaya and other medications ?,
interactions with herbs and supplements,Are there interactions between Papaya and herbs and supplements ?,
interactions with foods,Are there interactions between Papaya and foods ?,
dose,What is the dosage of Papaya ?,
information,What is Pau D'arco ?,
how effective is it,How effective is Pau D'arco ?,
how does it work,What is the action of Pau D'arco and how does it work ?,
precautions,Are there safety concerns or special precautions about Pau D'arco ?,
interactions with medications,Are there interactions between Pau D'arco and other medications ?,
interactions with herbs and supplements,Are there interactions between Pau D'arco and herbs and supplements ?,
interactions with foods,Are there interactions between Pau D'arco and foods ?,
dose,What is the dosage of Pau D'arco ?,
information,What is Peanut Oil ?,
how effective is it,How effective is Peanut Oil ?,
how does it work,What is the action of Peanut Oil and how does it work ?,
precautions,Are there safety concerns or special precautions about Peanut Oil ?,
interactions with medications,Are there interactions between Peanut Oil and other medications ?,
interactions with herbs and supplements,Are there interactions between Peanut Oil and herbs and supplements ?,
interactions with foods,Are there interactions between Peanut Oil and foods ?,
dose,What is the dosage of Peanut Oil ?,
information,What is Pennyroyal ?,
how effective is it,How effective is Pennyroyal ?,
how does it work,What is the action of Pennyroyal and how does it work ?,
precautions,Are there safety concerns or special precautions about Pennyroyal ?,
interactions with medications,Are there interactions between Pennyroyal and other medications ?,
interactions with herbs and supplements,Are there interactions between Pennyroyal and herbs and supplements ?,
interactions with foods,Are there interactions between Pennyroyal and foods ?,
dose,What is the dosage of Pennyroyal ?,
information,What is Phosphate salts ?,
how effective is it,How effective is Phosphate salts ?,
how does it work,What is the action of Phosphate salts and how does it work ?,
precautions,Are there safety concerns or special precautions about Phosphate salts ?,
interactions with medications,Are there interactions between Phosphate salts and other medications ?,
interactions with herbs and supplements,Are there interactions between Phosphate salts and herbs and supplements ?,
interactions with foods,Are there interactions between Phosphate salts and foods ?,
dose,What is the dosage of Phosphate salts ?,
information,What is Propolis ?,
how effective is it,How effective is Propolis ?,
how does it work,What is the action of Propolis and how does it work ?,
precautions,Are there safety concerns or special precautions about Propolis ?,
interactions with medications,Are there interactions between Propolis and other medications ?,
interactions with herbs and supplements,Are there interactions between Propolis and herbs and supplements ?,
interactions with foods,Are there interactions between Propolis and foods ?,
dose,What is the dosage of Propolis ?,
information,What is Pycnogenol ?,
how effective is it,How effective is Pycnogenol ?,
how does it work,What is the action of Pycnogenol and how does it work ?,
precautions,Are there safety concerns or special precautions about Pycnogenol ?,
interactions with medications,Are there interactions between Pycnogenol and other medications ?,
interactions with herbs and supplements,Are there interactions between Pycnogenol and herbs and supplements ?,
interactions with foods,Are there interactions between Pycnogenol and foods ?,
dose,What is the dosage of Pycnogenol ?,
information,What is Pyridoxine (Vitamin B6) ?,
how effective is it,How effective is Pyridoxine (Vitamin B6) ?,
how does it work,What is the action of Pyridoxine (Vitamin B6) and how does it work ?,
precautions,Are there safety concerns or special precautions about Pyridoxine (Vitamin B6) ?,
interactions with medications,Are there interactions between Pyridoxine (Vitamin B6) and other medications ?,
interactions with herbs and supplements,Are there interactions between Pyridoxine (Vitamin B6) and herbs and supplements ?,
interactions with foods,Are there interactions between Pyridoxine (Vitamin B6) and foods ?,
dose,What is the dosage of Pyridoxine (Vitamin B6) ?,
information,What is Raspberry Ketone ?,
how effective is it,How effective is Raspberry Ketone ?,
how does it work,What is the action of Raspberry Ketone and how does it work ?,
precautions,Are there safety concerns or special precautions about Raspberry Ketone ?,
interactions with medications,Are there interactions between Raspberry Ketone and other medications ?,
interactions with herbs and supplements,Are there interactions between Raspberry Ketone and herbs and supplements ?,
interactions with foods,Are there interactions between Raspberry Ketone and foods ?,
dose,What is the dosage of Raspberry Ketone ?,
information,What is Reishi Mushroom ?,
how effective is it,How effective is Reishi Mushroom ?,
how does it work,What is the action of Reishi Mushroom and how does it work ?,
precautions,Are there safety concerns or special precautions about Reishi Mushroom ?,
interactions with medications,Are there interactions between Reishi Mushroom and other medications ?,
interactions with herbs and supplements,Are there interactions between Reishi Mushroom and herbs and supplements ?,
interactions with foods,Are there interactions between Reishi Mushroom and foods ?,
dose,What is the dosage of Reishi Mushroom ?,
information,What is Resveratrol ?,
how effective is it,How effective is Resveratrol ?,
how does it work,What is the action of Resveratrol and how does it work ?,
precautions,Are there safety concerns or special precautions about Resveratrol ?,
interactions with medications,Are there interactions between Resveratrol and other medications ?,
interactions with herbs and supplements,Are there interactions between Resveratrol and herbs and supplements ?,
interactions with foods,Are there interactions between Resveratrol and foods ?,
dose,What is the dosage of Resveratrol ?,
information,What is Riboflavin ?,
how effective is it,How effective is Riboflavin ?,
how does it work,What is the action of Riboflavin and how does it work ?,
precautions,Are there safety concerns or special precautions about Riboflavin ?,
interactions with medications,Are there interactions between Riboflavin and other medications ?,
interactions with herbs and supplements,Are there interactions between Riboflavin and herbs and supplements ?,
interactions with foods,Are there interactions between Riboflavin and foods ?,
dose,What is the dosage of Riboflavin ?,
information,What is Roman chamomile ?,
how effective is it,How effective is Roman chamomile ?,
how does it work,What is the action of Roman chamomile and how does it work ?,
precautions,Are there safety concerns or special precautions about Roman chamomile ?,
interactions with medications,Are there interactions between Roman chamomile and other medications ?,
interactions with herbs and supplements,Are there interactions between Roman chamomile and herbs and supplements ?,
interactions with foods,Are there interactions between Roman chamomile and foods ?,
dose,What is the dosage of Roman chamomile ?,
information,What is Rose Hip ?,
how effective is it,How effective is Rose Hip ?,
how does it work,What is the action of Rose Hip and how does it work ?,
precautions,Are there safety concerns or special precautions about Rose Hip ?,
interactions with medications,Are there interactions between Rose Hip and other medications ?,
interactions with herbs and supplements,Are there interactions between Rose Hip and herbs and supplements ?,
interactions with foods,Are there interactions between Rose Hip and foods ?,
dose,What is the dosage of Rose Hip ?,
information,What is Saccharomyces boulardii ?,
how effective is it,How effective is Saccharomyces boulardii ?,
how does it work,What is the action of Saccharomyces boulardii and how does it work ?,
precautions,Are there safety concerns or special precautions about Saccharomyces boulardii ?,
interactions with medications,Are there interactions between Saccharomyces boulardii and other medications ?,
interactions with herbs and supplements,Are there interactions between Saccharomyces boulardii and herbs and supplements ?,
interactions with foods,Are there interactions between Saccharomyces boulardii and foods ?,
dose,What is the dosage of Saccharomyces boulardii ?,
information,What is Senna ?,
how effective is it,How effective is Senna ?,
how does it work,What is the action of Senna and how does it work ?,
precautions,Are there safety concerns or special precautions about Senna ?,
interactions with medications,Are there interactions between Senna and other medications ?,
interactions with herbs and supplements,Are there interactions between Senna and herbs and supplements ?,
interactions with foods,Are there interactions between Senna and foods ?,
dose,What is the dosage of Senna ?,
information,What is Shark cartilage ?,
how effective is it,How effective is Shark cartilage ?,
how does it work,What is the action of Shark cartilage and how does it work ?,
precautions,Are there safety concerns or special precautions about Shark cartilage ?,
interactions with medications,Are there interactions between Shark cartilage and other medications ?,
interactions with herbs and supplements,Are there interactions between Shark cartilage and herbs and supplements ?,
interactions with foods,Are there interactions between Shark cartilage and foods ?,
dose,What is the dosage of Shark cartilage ?,
information,What is Slippery Elm ?,
how effective is it,How effective is Slippery Elm ?,
how does it work,What is the action of Slippery Elm and how does it work ?,
precautions,Are there safety concerns or special precautions about Slippery Elm ?,
interactions with medications,Are there interactions between Slippery Elm and other medications ?,
interactions with herbs and supplements,Are there interactions between Slippery Elm and herbs and supplements ?,
interactions with foods,Are there interactions between Slippery Elm and foods ?,
dose,What is the dosage of Slippery Elm ?,
information,What is Spearmint ?,
how effective is it,How effective is Spearmint ?,
how does it work,What is the action of Spearmint and how does it work ?,
precautions,Are there safety concerns or special precautions about Spearmint ?,
interactions with medications,Are there interactions between Spearmint and other medications ?,
interactions with herbs and supplements,Are there interactions between Spearmint and herbs and supplements ?,
interactions with foods,Are there interactions between Spearmint and foods ?,
dose,What is the dosage of Spearmint ?,
information,What is Stevia ?,
how effective is it,How effective is Stevia ?,
how does it work,What is the action of Stevia and how does it work ?,
precautions,Are there safety concerns or special precautions about Stevia ?,
interactions with medications,Are there interactions between Stevia and other medications ?,
interactions with herbs and supplements,Are there interactions between Stevia and herbs and supplements ?,
interactions with foods,Are there interactions between Stevia and foods ?,
dose,What is the dosage of Stevia ?,
information,What is Thiamine (Vitamin B1) ?,
how effective is it,How effective is Thiamine (Vitamin B1) ?,
how does it work,What is the action of Thiamine (Vitamin B1) and how does it work ?,
precautions,Are there safety concerns or special precautions about Thiamine (Vitamin B1) ?,
interactions with medications,Are there interactions between Thiamine (Vitamin B1) and other medications ?,
interactions with herbs and supplements,Are there interactions between Thiamine (Vitamin B1) and herbs and supplements ?,
interactions with foods,Are there interactions between Thiamine (Vitamin B1) and foods ?,
dose,What is the dosage of Thiamine (Vitamin B1) ?,
information,What is Vitamin K ?,
how effective is it,How effective is Vitamin K ?,
how does it work,What is the action of Vitamin K and how does it work ?,
precautions,Are there safety concerns or special precautions about Vitamin K ?,
interactions with medications,Are there interactions between Vitamin K and other medications ?,
interactions with herbs and supplements,Are there interactions between Vitamin K and herbs and supplements ?,
interactions with foods,Are there interactions between Vitamin K and foods ?,
dose,What is the dosage of Vitamin K ?,
information,What is Whey Protein ?,
how effective is it,How effective is Whey Protein ?,
how does it work,What is the action of Whey Protein and how does it work ?,
precautions,Are there safety concerns or special precautions about Whey Protein ?,
interactions with medications,Are there interactions between Whey Protein and other medications ?,
interactions with herbs and supplements,Are there interactions between Whey Protein and herbs and supplements ?,
interactions with foods,Are there interactions between Whey Protein and foods ?,
dose,What is the dosage of Whey Protein ?,
information,What is Wild yam ?,
how effective is it,How effective is Wild yam ?,
how does it work,What is the action of Wild yam and how does it work ?,
precautions,Are there safety concerns or special precautions about Wild yam ?,
interactions with medications,Are there interactions between Wild yam and other medications ?,
interactions with herbs and supplements,Are there interactions between Wild yam and herbs and supplements ?,
interactions with foods,Are there interactions between Wild yam and foods ?,
dose,What is the dosage of Wild yam ?,
information,What is Willow Bark ?,
how effective is it,How effective is Willow Bark ?,
how does it work,What is the action of Willow Bark and how does it work ?,
precautions,Are there safety concerns or special precautions about Willow Bark ?,
interactions with medications,Are there interactions between Willow Bark and other medications ?,
interactions with herbs and supplements,Are there interactions between Willow Bark and herbs and supplements ?,
interactions with foods,Are there interactions between Willow Bark and foods ?,
dose,What is the dosage of Willow Bark ?,
information,What is Yerba Mate ?,
how effective is it,How effective is Yerba Mate ?,
how does it work,What is the action of Yerba Mate and how does it work ?,
precautions,Are there safety concerns or special precautions about Yerba Mate ?,
interactions with medications,Are there interactions between Yerba Mate and other medications ?,
interactions with herbs and supplements,Are there interactions between Yerba Mate and herbs and supplements ?,
interactions with foods,Are there interactions between Yerba Mate and foods ?,
dose,What is the dosage of Yerba Mate ?,
information,What is Zinc ?,
how effective is it,How effective is Zinc ?,
how does it work,What is the action of Zinc and how does it work ?,
precautions,Are there safety concerns or special precautions about Zinc ?,
interactions with medications,Are there interactions between Zinc and other medications ?,
interactions with herbs and supplements,Are there interactions between Zinc and herbs and supplements ?,
interactions with foods,Are there interactions between Zinc and foods ?,
dose,What is the dosage of Zinc ?,
information,What is 5-HTP ?,
how effective is it,How effective is 5-HTP ?,
how does it work,What is the action of 5-HTP and how does it work ?,
precautions,Are there safety concerns or special precautions about 5-HTP ?,
interactions with medications,Are there interactions between 5-HTP and other medications ?,
interactions with herbs and supplements,Are there interactions between 5-HTP and herbs and supplements ?,
interactions with foods,Are there interactions between 5-HTP and foods ?,
dose,What is the dosage of 5-HTP ?,
